{
    "rows": [
    {
        "carrierCode": "002",
        "contractNumber": "A03SDSLG53",
        "checkOrSave": "S",
        "transitNumber": "000000204",
        "accountNumber": "3333",
        "day": 4,
        "premiumAmount": 144.01,
        "loanAmount": ""
    },
    {
        "carrierCode": "001",
        "contractNumber": "A03SDSLG51",
        "checkOrSave": "S",
        "transitNumber": "000000204",
        "accountNumber": "3333",
        "day": 4,
        "premiumAmount": 144.41,
        "loanAmount": ""
    }],
    "payorName": "John Smith",
    "totalDraftAmount": 288.42,
    "pages": 1,
    "totalRecords": 2
}