{
    "rows": [
        {
            "payorName": "Carmen Deaton",
            "controlNumber": "LIP0507401"
        },
        {
            "payorName": "DALE MCDALE",
            "controlNumber": "LIP0128954"
        },
        {
            "payorName": "DALE MCDALE",
            "controlNumber": "LIP0244860"
        },
        {
            "payorName": "DALE MCDALE",
            "controlNumber": "LIP0243949"
        },
        {
            "payorName": "dfgvgh fghvh",
            "controlNumber": "LIP0402854"
        },
        {
            "payorName": "Direct Draft",
            "controlNumber": "LIP0307752"
        },
       {
            "payorName": "dvhssn hsahjsksk",
            "controlNumber": "LIP0120325"
        },
        {
            "payorName": "gfdgadfh aggh",
            "controlNumber": "LIP0500682"
        },
        {
            "payorName": "Gytdertd Hjyfydf",
            "controlNumber": "LIP0267549"
        },
        {
            "payorName": "hgfbd vnbytd",
            "controlNumber": "LIP0174450"
        }
    ],
    "pages": 7,
    "totalRecords": 65
}