{
    "rows": [{
        "polCont": "6180008313",
        "transRefGUID": "SN96a70d35-47dc-4d3b-8820-6497927b8113",
        "declineDate": "2019-01-28",
        "paymentMethod": "Credit Card",
        "effectiveDate": "2019-02-28",
        "type": "RCCSTOP",
        "status": "inprogress",
        "stepNumber": 0
    }, {
        "polCont": "6180007660",
        "transRefGUID": "ALIP-18d75e92-5bd3-48e6-9a7e-178c644aecf3",
        "declineDate": "2019-03-15",
        "paymentMethod": "RCC",
        "effectiveDate": "2019-03-19",
        "type": "RCCDecline",
        "status": "failed",
        "stepNumber": 0
    }, {
        "polCont": "5SYSGNAH10",
        "transRefGUID": "96a70d35-47dc-4d3b-8820-6497927b8980",
        "declineDate": "2018-10-27",
        "paymentMethod": "Credit Card",
        "effectiveDate": "2018-02-04",
        "type": "RCCStart",
        "status": "inprogress",
        "stepNumber": 2
    }, {
        "polCont": "5180006232",
        "transRefGUID": "SN96a70d35-47dc-4d3b-8820-6497927b8767",
        "declineDate": "2019-02-05",
        "paymentMethod": "Direct Billing",
        "effectiveDate": "2019-02-05",
        "type": "RCCStop",
        "status": "completed",
        "stepNumber": 2
    }, {
        "polCont": "5180006231",
        "transRefGUID": "SN96a70d35-47dc-4d3b-8820-6497927b8786",
        "declineDate": "2019-02-05",
        "paymentMethod": "Direct Billing",
        "effectiveDate": "2019-02-05",
        "type": "RCCStop",
        "status": "failed",
        "stepNumber": 0
    }, {
        "polCont": "1111200032",
        "transRefGUID": "96a70d35-47dc-4d3b-8820-6497927b8988",
        "declineDate": "2018-10-27",
        "paymentMethod": "Credit Card",
        "effectiveDate": "2018-02-04",
        "type": "RCCStart",
        "status": "completed",
        "stepNumber": 2
    }, {
        "polCont": "0122201804",
        "transRefGUID": "99a70d35-47dc-4d3b-8820-6497927b8978",
        "declineDate": "2018-10-27",
        "paymentMethod": "Credit Card",
        "effectiveDate": "2018-02-02",
        "type": "RCCDecline",
        "status": "completed",
        "stepNumber": 2
    }, {
        "polCont": "0111201801",
        "transRefGUID": "99a70d35-47dc-4d3b-8820-6497927b8955",
        "declineDate": "2018-10-27",
        "paymentMethod": "Credit Card",
        "effectiveDate": "2018-02-02",
        "type": "RCCDecline",
        "status": "failed",
        "stepNumber": 1
    }, {
        "polCont": "0104201890",
        "transRefGUID": "96a70d35-47dc-4d3b-8820-6497927b8977",
        "declineDate": "2018-10-27",
        "paymentMethod": "Credit Card",
        "effectiveDate": "2018-02-02",
        "type": "RCCStart",
        "status": "failed",
        "stepNumber": 1
    }, {
        "polCont": "0104201800",
        "transRefGUID": "99a70d35-47dc-4d3b-8820-6497927b8977",
        "declineDate": "2018-10-27",
        "paymentMethod": "Credit Card",
        "effectiveDate": "2018-02-02",
        "type": "RCCStart",
        "status": "failed",
        "stepNumber": 2
    }],
    "pages": 1
}