{ 
    "rows": [ 
        { 
            "polCont": "YYE0000154", 
            "paymentMethod": null, 
            "companyCode": "001", 
            "sequenceNumber": "764075393", 
            "lockboxNumber": "50104", 
            "ebillIndicator": "Y", 
            "status": null, 
            "billIndChangeDate": "2019-10-11", 
            "insertTmStamp": "2019-10-11T00:00:00", 
            "updateTmStamp": null, 
            "updateUser": null,
            "allowEbillFlag": true
        } 
    ], 
    "pages": 1, 
    "totalRecords": 1 
}