{
    "rows": [
    {
        "polCont": "YMD7257649",
        "withdrawDay": 0,
        "premiumAmt": 31.41,
        "effDate": "2019-08-19",
        "eftType": "1",
        "cycleDate": "2019-09-23",
        "transCode": "277514165",
        "reasonCode": "R01",
        "reverseTxt": "INSUFFICIENT FUNDS",
        "type": "SAP_RETURN",
        "status": "failed",
        "transRefGUID": "ALIP-DEE70D16-6153-4AF2-980D-8B1DCA0774C0",
        "isReprocess": "false",
        "stepNumber": 2
    },
    {
        "polCont": "YMD7257649",
        "withdrawDay": 0,
        "premiumAmt": 31.41,
        "effDate": "2019-08-19",
        "eftType": "1",
        "cycleDate": "2019-09-23",
        "transCode": "277514165",
        "reasonCode": "R01",
        "reverseTxt": "INSUFFICIENT FUNDS",
        "type": "AWD_ABCRETURN",
        "status": "pending",
        "transRefGUID": "ALIP-F233CA71-916D-485F-B210-99E262BC1888",
        "isReprocess": "true",
        "stepNumber": 0
    },
    {
        "polCont": "WM00116163",
        "withdrawDay": 0,
        "premiumAmt": 17.59,
        "effDate": "2019-08-15",
        "eftType": "1",
        "cycleDate": "2019-09-23",
        "transCode": "47756",
        "reasonCode": "C01",
        "reverseTxt": "INSUFFICIENT FUNDS",
        "type": "AWD_ABCPRENOTE",
        "status": "failed",
        "transRefGUID": "ALIP-07AC250E-31C5-49E4-B6BD-5777E2ED7ED8",
        "isReprocess": "true",
        "stepNumber": 0
    },
    {
        "polCont": "WM00116163",
        "withdrawDay": 0,
        "premiumAmt": 17.59,
        "effDate": "2019-08-15",
        "eftType": "1",
        "cycleDate": "2019-09-23",
        "transCode": "47756",
        "reasonCode": "C01",
        "reverseTxt": "INSUFFICIENT FUNDS",
        "type": "AWD_ABCPRENOTE",
        "status": "pending",
        "transRefGUID": "ALIP-B09EE5A4-FD38-4BBC-8EBA-7EB10A46924E",
        "isReprocess": "true",
        "stepNumber": 0
    },
    {
        "polCont": "WM00007448",
        "withdrawDay": 0,
        "premiumAmt": 67.81,
        "effDate": "2019-09-22",
        "eftType": "1",
        "cycleDate": "2019-09-23",
        "transCode": "417592946",
        "reasonCode": "R21",
        "reverseTxt": "INSUFFICIENT FUNDS",
        "type": "AWD_ABCRETURN",
        "status": "pending",
        "transRefGUID": "ALIP-505FA1CE-DDCB-4E40-BCB7-DC507E354FD4",
        "isReprocess": "true",
        "stepNumber": 0
    },
    {
        "polCont": "WM00007448",
        "withdrawDay": 0,
        "premiumAmt": 67.81,
        "effDate": "2019-09-22",
        "eftType": "1",
        "cycleDate": "2019-09-23",
        "transCode": "417592946",
        "reasonCode": "R21",
        "reverseTxt": "INSUFFICIENT FUNDS",
        "type": "AWD_ABCRETURN",
        "status": "failed",
        "transRefGUID": "ALIP-50DFA83C-3077-4633-9AD6-810223EEF9E7",
        "isReprocess": "true",
        "stepNumber": 1
    },
    {
        "polCont": "WM00007448",
        "withdrawDay": 0,
        "premiumAmt": 67.81,
        "effDate": "2019-09-22",
        "eftType": "1",
        "cycleDate": "2019-09-23",
        "transCode": "417592946",
        "reasonCode": "R21",
        "reverseTxt": "INSUFFICIENT FUNDS",
        "type": "AWD_ABCRETURN",
        "status": "pending",
        "transRefGUID": "ALIP-552EFD94-07A8-444C-8B92-2EF41A9A5CC1",
        "isReprocess": "true",
        "stepNumber": 0
    },
    {
        "polCont": "WM00007448",
        "withdrawDay": 0,
        "premiumAmt": 67.81,
        "effDate": "2019-09-22",
        "eftType": "1",
        "cycleDate": "2019-09-23",
        "transCode": "417592946",
        "reasonCode": "",
        "reverseTxt": "INSUFFICIENT FUNDS",
        "type": "AWD_ABCRETURN",
        "status": "pending",
        "transRefGUID": "ALIP-5DBF6ED7-13A0-4915-8EF1-76E1380338C0",
        "isReprocess": "true",
        "stepNumber": 0
    },
    {
        "polCont": "MM0194603",
        "withdrawDay": 0,
        "premiumAmt": 481.37,
        "effDate": "2019-09-19",
        "eftType": "1",
        "cycleDate": "2019-09-23",
        "transCode": "417591180",
        "reasonCode": "R01",
        "reverseTxt": "INSUFFICIENT FUNDS",
        "type": "AWD_ABCRETURN",
        "status": "pending",
        "transRefGUID": "ALIP-5DCC4902-CFC5-4C5C-B3E0-D8980278A2A6",
        "isReprocess": "true",
        "stepNumber": 0
    },
    {
        "polCont": "MM0194603",
        "withdrawDay": 0,
        "premiumAmt": 481.37,
        "effDate": "2019-09-19",
        "eftType": "1",
        "cycleDate": "2019-09-23",
        "transCode": "417591180",
        "reasonCode": "R01",
        "reverseTxt": "INSUFFICIENT FUNDS",
        "type": "SAP_RETURN",
        "status": "pending",
        "transRefGUID": "ALIP-81F9AA17-1CB3-4E39-8BB7-33F7CBF775F9",
        "isReprocess": "false",
        "stepNumber": 0
    }],
    "pages": 2,
    "totalRecords": 18
}