{
    "rows": [{
        "billId": "518000806139738",
        "polCont": "5180008061",
        "amount": "93.59",
        "billDueDate": "2018-07-05",
        "transRefGUID": "ALIP-E9435718-9E1F-4183-9733-8B4E58B3C223",
        "status": "failed",
        "stepNumber": 2
    }, {
        "billId": "518000806039729",
        "polCont": "5180008060",
        "amount": "87.76",
        "billDueDate": "2018-04-03",
        "transRefGUID": "ALIP-04AB128E-4452-404C-A712-9C106EF445F6",
        "status": "completed",
        "stepNumber": 4
    }, {
        "billId": "518000805139713",
        "polCont": "5180008051",
        "amount": "117.13",
        "billDueDate": "2018-09-07",
        "transRefGUID": "ALIP-C41EC50E-FB4E-4FDB-B91F-FCCEFF992E2E",
        "status": "completed",
        "stepNumber": 4
    }, {
        "billId": "518000805039717",
        "polCont": "5180008050",
        "amount": "51.67",
        "billDueDate": "2018-11-30",
        "transRefGUID": "ALIP-07A2DF97-310A-46F6-A133-E117849A4913",
        "status": "failed",
        "stepNumber": 2
    }, {
        "billId": "518000804839712",
        "polCont": "5180008048",
        "amount": "93.59",
        "billDueDate": "2018-07-05",
        "transRefGUID": "ALIP-A0F6EB50-9017-476B-9EEE-87D5A7674B6C",
        "status": "failed",
        "stepNumber": 1
    }, {
        "billId": "5180006231799769",
        "polCont": "5180006231",
        "amount": "87.76",
        "billDueDate": "2018-04-03",
        "transRefGUID": "ALIP-E536489B-8593-4315-B72B-541EFE9300FB",
        "status": "failed",
        "stepNumber": 3
    }, {
        "billId": "4Q18GUL00A805422",
        "polCont": "4Q18GUL00A",
        "amount": "117.13",
        "billDueDate": "2018-09-07",
        "transRefGUID": "ALIP-11D03815-4A60-4376-B63A-142400D575C7",
        "status": "completed",
        "stepNumber": 4
    }, {
        "billId": "4Q18GUL00A805422",
        "polCont": "0122201804",
        "amount": "51.67",
        "billDueDate": "2018-11-30",
        "transRefGUID": "ALIP-121F0CAD-4E41-42DA-BC02-6D094018976E",
        "status": "completed",
        "stepNumber": 4
    }, {
        "billId": "0111201801799192",
        "polCont": "0111201801",
        "amount": "34.21",
        "billDueDate": "2018-11-15",
        "transRefGUID": "ALIP-2E32A278-1126-4B1F-B5B1-7C9381A4DA8A",
        "status": "completed",
        "stepNumber": 4
    }, {
        "billId": "0104201800804018",
        "polCont": "0104201800",
        "amount": "167.97",
        "billDueDate": "2018-10-27",
        "transRefGUID": "ALIP-FC6265E7-FA71-48A1-A242-A4380A471974",
        "status": "failed",
        "stepNumber": 2
    }],
    "pages": 1
}