{
    "rows": [
    {
        "trackingNumber": "927273-schremj",
        "accountName": "Jim Schremmer",
        "accountNumber": "12445",
        "checkNumber": "555",
        "accountType": "Checking",
        "routingNumber": "252075977",
        "draftDate": "2019-01-18",
        "addr1": "123 ANY ST",
        "addr2": "",
        "city": "ANY",
        "state": "TN",
        "zip": "37115",
        "enteredBy": "pkusuma",
        "phoneNumber": "6157491000",
        "email": "jim.schremmer@",
        "emailIndicator": true,
        "policies": [
        {
            "policyNumber": "0000055888",
            "carrierCode": "22V",
            "insuredName": "JIM SCHREMMER",
            "draftAmnt": 80.25,
            "paymentType": "Reinstatement",
            "modeChange": true
        },
        {
            "policyNumber": "0055541125",
            "carrierCode": "56",
            "insuredName": "JIM SCHREMMER",
            "draftAmnt": 50000.0,
            "paymentType": "Regular Pmt (Non-ABC)",
            "modeChange": true
        }]
    }],
    "pages": 1,
    "totalRecords": 1
}