{
    "latestDateCounts":
    {
        "cycleDate": "2019-10-10",
        "updateTmstmp": "2019-10-10 17:57:20",
        "alipCount": 75,
        "alipPMCounts": [
        {
            "paymentMethod": "Returns",
            "countRatio": "65/70"
        },
        {
            "paymentMethod": "Manual Returns",
            "countRatio": "5"
        }],
        "bitsCountRatio": "8",
        "bitsPMCounts": [
        {
            "paymentMethod": "Correspondence",
            "countRatio": "0"
        },
        {
            "paymentMethod": "AWD_ABCRETURN",
            "countRatio": "8"
        }],
        "xpressionCountRatio": "65",
        "xpressionPMCounts": [
        {
            "paymentMethod": "Correspondence",
            "countRatio": "65"
        }]
    }
}