{
    "latestDateCounts":
    {
        "cycleDate": "2019-10-11",
        "updateTmstmp": "2019-10-11 14:22:46",
        "alipCount": 70,
        "alipPMCounts": [
        {
            "paymentMethod": "Returns",
            "countRatio": "70"
        }],
        "bitsCountRatio": "78",
        "bitsPMCounts": [
        {
            "paymentMethod": "Returns",
            "countRatio": "70"
        },
        {
            "paymentMethod": "NOC",
            "countRatio": "5"
        },
        {
            "paymentMethod": "AWD_ABCRETURN",
            "countRatio": "3"
        }],
        "sapCountRatio": "85",
        "sapPMCounts": [
        {
            "paymentMethod": "Returns",
            "countRatio": "85"
        }]
    }
}