{
    "rows": [{
        "polCont": "72488",
        "transRefGUID": "f16d9274-1647-42bc-9051-16df1910dd779",
        "remitRecvdDate": "2018-01-06",
        "paymentMethod": "Credit Card",
        "amount": "87.76",
        "effectiveDate": "2018-04-03",
        "type": "Refund",
        "alipStatus": "failed",
        "status": "failed",
        "stepNumber": 2
    }, {
        "polCont": "7016",
        "transRefGUID": "i16d9274-1647-32bc-8051-16df1910dd89",
        "remitRecvdDate": "2018-11-30",
        "paymentMethod": "Credit Card",
        "amount": "51.67",
        "effectiveDate": "2018-11-30",
        "type": "Refund",
        "alipStatus": "completed",
        "status": "completed",
        "stepNumber": 2
    }, {
        "polCont": "31689",
        "transRefGUID": "y16d9274-1647-42bc-9051-16df1910dd89",
        "remitRecvdDate": "2018-11-21",
        "paymentMethod": "Direct Billing",
        "amount": "93.59",
        "effectiveDate": "2018-07-05",
        "type": "ChargeBack",
        "alipStatus": "inprogress",
        "status": "inprogress",
        "stepNumber": 0
    }, {
        "polCont": "31592",
        "transRefGUID": "k16d9274-1647-42bc-9051-16df1910dd89",
        "remitRecvdDate": "2018-11-30",
        "paymentMethod": "",
        "amount": "117.13",
        "effectiveDate": "2018-09-07",
        "type": "Refund",
        "alipStatus": "failed",
        "status": "failed",
        "stepNumber": 2
    }, {
        "polCont": "238223",
        "transRefGUID": "q16d9274-1647-42bc-9051-16df1910dd89",
        "remitRecvdDate": "2018-01-06",
        "paymentMethod": "Credit Card",
        "amount": "87.76",
        "effectiveDate": "2018-04-03",
        "type": "Refund",
        "alipStatus": "failed",
        "status": "failed",
        "stepNumber": 2
    }, {
        "polCont": "237615",
        "transRefGUID": "e15d8374-1547-42bc-9052-16df1910dd89",
        "remitRecvdDate": "2018-10-27",
        "paymentMethod": "Credit Card",
        "amount": "167.97",
        "effectiveDate": "2018-09-07",
        "type": "Remittance",
        "alipStatus": "failed",
        "status": "failed",
        "stepNumber": 1
    }, {
        "polCont": "237614",
        "transRefGUID": "e16d9272-1647-42bc-9051-16df1910dd89",
        "remitRecvdDate": "2018-11-15",
        "paymentMethod": "Direct Billing",
        "amount": "34.21",
        "effectiveDate": "2018-11-15",
        "type": "Refund",
        "alipStatus": "inprogress",
        "status": "inprogress",
        "stepNumber": 2
    }, {
        "polCont": "189662",
        "transRefGUID": "e16d9372-1647-42bc-9051-16df1910dd89",
        "remitRecvdDate": "2018-11-30",
        "paymentMethod": "",
        "amount": "117.13",
        "effectiveDate": "2018-09-07",
        "type": "Refund",
        "alipStatus": "Failed",
        "status": "failed",
        "stepNumber": 1
    }, {
        "polCont": "119245",
        "transRefGUID": "e16d9273-1647-42bc-9051-16df1910dd89",
        "remitRecvdDate": "2018-11-30",
        "paymentMethod": "Credit Card",
        "amount": "51.67",
        "effectiveDate": "2018-11-30",
        "type": "Refund",
        "alipStatus": "completed",
        "status": "completed",
        "stepNumber": 2
    }, {
        "polCont": "11739",
        "transRefGUID": "g16d9274-1647-42bc-9051-16df1910dd77",
        "remitRecvdDate": "2018-11-21",
        "paymentMethod": "Direct Billing",
        "amount": "93.59",
        "effectiveDate": "2018-07-05",
        "type": "ChargeBack",
        "alipStatus": "failed",
        "status": "failed",
        "stepNumber": 0
    }],
    "pages": 1
}