{
  "rows": [
    {
      "transRefGUID": "ALIP-E9435718-9E1F-4183-9733-8B4E58B3C223",
      "polCont": "5180008061",
      "billId": "518000806139738",
      "timestamp": "2018-07-05",
      "errorDescription": "Invalid User Credentials",
      "team": "SAP/AH/DIH/ALIP"
    },
    {
      "transRefGUID": "ALIP-04AB128E-4452-404C-A712-9C106EF445F6",
      "polCont": "5180008060",
      "billId": "518000806039729",
      "timestamp": "2018-04-03",
      "errorDescription": "Unable to find configuration to process request",
      "team": "DPU"
    },
    {
      "transRefGUID": "ALIP-C41EC50E-FB4E-4FDB-B91F-FCCEFF992E2E",
      "polCont": "5180008051",
      "billId": "518000805139713",
      "timestamp": "2018-09-07",
      "errorDescription": "Recurring Payment Record does not exist",
      "team": "Business"
    },
    {
      "transRefGUID": "ALIP-07A2DF97-310A-46F6-A133-E117849A4913",
      "polCont": "5180008050",
      "billId": "518000805039717",
      "timestamp": "2018-11-30",
      "errorDescription": "Recurring Reference ID not Found",
      "team": "DPU"
    },
    {
      "transRefGUID": "ALIP-A0F6EB50-9017-476B-9EEE-87D5A7674B6C",
      "polCont": "5180008048",
      "billId": "518000804839712",
      "timestamp": "2018-07-05",
      "errorDescription": "Due Date must be in the Future",
      "team": "BITS Support"
    },
    {
      "transRefGUID": "ALIP-E536489B-8593-4315-B72B-541EFE9300FB",
      "polCont": "5180006231",
      "billId": "5180006231799769",
      "timestamp": "2018-04-03",
      "errorDescription": "Invalid User Credentials",
      "team": "SAP/AH/DIH/ALIP"
    },
    {
      "transRefGUID": "ALIP-11D03815-4A60-4376-B63A-142400D575C7",
      "polCont": "4Q18GUL00A",
      "billId": "4Q18GUL00A805422",
      "timestamp": "2018-09-07",
      "errorDescription": "Recurring Reference ID not Found",
      "team": "DPU"
    },
    {
      "transRefGUID": "ALIP-121F0CAD-4E41-42DA-BC02-6D094018976E",
      "polCont": "0122201804",
      "billId": "4Q18GUL00A805422",
      "timestamp": "2018-11-30",
      "errorDescription": "Invalid Biller Product Code",
      "team": "SAP Support Activity"
    },
    {
      "transRefGUID": "ALIP-2E32A278-1126-4B1F-B5B1-7C9381A4DA8A",
      "polCont": "0111201801",
      "billId": "0111201801799192",
      "timestamp": "2018-11-15",
      "errorDescription": "Due Date must be in the Future",
      "team": "BITS Support"
    },
    {
      "transRefGUID": "ALIP-FC6265E7-FA71-48A1-A242-A4380A471974",
      "polCont": "0104201800",
      "billId": "0104201800804018",
      "timestamp": "2018-10-27",
      "errorDescription": "Invalid User Credentials",
      "team": "SAP/AH/DIH/ALIP"
    }
  ],
  "pages": 1
}