{
    "rows": [{
        "billId": 654834,
        "policyNumber": "7016",
        "billDueDate": "2016-11-10",
        "paymentMethod": "Direct Billing",
        "status": "failed",
        "stepNumber": 4,
        "cycleDate": "2018-11-15"
    }, {
        "billId": 654835,
        "policyNumber": "7016",
        "billDueDate": "2016-12-10",
        "paymentMethod": "Direct Billing",
        "status": "failed",
        "stepNumber": 3,
        "cycleDate": "2018-11-15"
    }, {
        "billId": 670478,
        "policyNumber": "31689",
        "billDueDate": "2017-04-13",
        "paymentMethod": "Direct Billing",
        "status": "failed",
        "stepNumber": 4,
        "cycleDate": "2018-11-15"
    }, {
        "billId": 668525,
        "policyNumber": "31592",
        "billDueDate": "2017-05-17",
        "paymentMethod": "Direct Billing",
        "status": "failed",
        "stepNumber": 3,
        "cycleDate": "2018-11-15"
    }, {
        "billId": 670439,
        "policyNumber": "238223",
        "billDueDate": "2018-11-26",
        "paymentMethod": "Direct Billing",
        "status": "failed",
        "stepNumber": 4,
        "cycleDate": "2018-11-15"
    }, {
        "billId": 32996,
        "policyNumber": "237615",
        "billDueDate": "2018-11-15",
        "paymentMethod": "Credit Card",
        "status": "failed",
        "stepNumber": 2,
        "cycleDate": "2018-12-17"
    }, {
        "billId": 32997,
        "policyNumber": "237614",
        "billDueDate": "2018-11-15",
        "paymentMethod": "Credit Card",
        "status": "failed",
        "stepNumber": 4,
        "cycleDate": "2018-12-17"
    }, {
        "billId": 33296,
        "policyNumber": "189662",
        "billDueDate": "2018-12-06",
        "paymentMethod": "Credit Card",
        "status": "failed",
        "stepNumber": 0,
        "cycleDate": "2018-12-17"
    }, {
        "billId": 33197,
        "policyNumber": "161621",
        "billDueDate": "2018-11-27",
        "paymentMethod": "Credit Card",
        "status": "failed",
        "stepNumber": 2,
        "cycleDate": "2018-12-17"
    }, {
        "billId": 33196,
        "policyNumber": "119245",
        "billDueDate": "2018-12-07",
        "paymentMethod": "Credit Card",
        "status": "failed",
        "stepNumber": 0,
        "cycleDate": "2018-12-17"
    }],
    "pages": 1
}